ID,JobTitle,CompanyName,CompanyLocation,JobSnippet,Date,URL
1,Golang engineer - Startup - Fintech (Full télétravail) H/F,HURRYMAN,Paris,,12/04/2022 11:56,https://www.monster.fr/offres-demploi/golang-engineer-startup-fintech-full-t%C3%A9l%C3%A9travail-h-f-paris-11--41473a7b-7152-4355-b43d-5b247668b7cf?utm_campaign=google_jobs_apply&utm_source=google_jobs_apply&utm_medium=organic
2,Golang Engineering Manager,Europcar Mobility Group,Paris,,12/04/2022 06:56,https://fr.linkedin.com/jobs/view/golang-engineering-manager-at-europcar-mobility-group-3015191664?utm_campaign=google_jobs_apply&utm_source=google_jobs_apply&utm_medium=organic
3,Développeur Backend Golang F/H,Bricks,Paris,,12/04/2022 01:56,"https://www.glassdoor.fr/job-listing/d%C3%A9veloppeur-backend-golang-f-h-bricks-JV_IC2881970_KO0,30_KE31,37.htm?jl=1007786555696&utm_campaign=google_jobs_apply&utm_source=google_jobs_apply&utm_medium=organic"
4,lead developpeur golang,CareerBuilder France Euro,Paris,,12/04/2022 03:56,https://fr.bebee.com/job/20220412-87e60392d04c8bff2bf078bf62bce794?utm_campaign=google_jobs_apply&utm_source=google_jobs_apply&utm_medium=organic
5,Développeur Golang H/F,Emplois Informatique,Paris,,12/04/2022 01:56,https://www.emplois-informatique.fr/cdi/developpeur-golang-h-f-616900?utm_campaign=google_jobs_apply&utm_source=google_jobs_apply&utm_medium=organic
6,Développeur Golang (H/F,HR-TEAM,Paris,,12/04/2022 13:56,https://gr8eurojobs.com/jobs/developpeur-golang-h-f-paris-ile-de-france/561282864-2/?utm_campaign=google_jobs_apply&utm_source=google_jobs_apply&utm_medium=organic
7,Développeur Golang | Startup Media | Paris centre (H/F),Urban Linker,Paris,,12/04/2022 01:56,https://b-jobz.com/fr/web/jobposting/eef32a10baf5?utm_campaign=google_jobs_apply&utm_source=google_jobs_apply&utm_medium=organic
8,Golang Engineering Manager,Europcar Mobility Group,Paris,,12/04/2022 01:56,https://fr.fidanto.com/emplois/ouverture-de-poste/software-developers-systems-software/golang-engineering-manager-508139085?utm_campaign=google_jobs_apply&utm_source=google_jobs_apply&utm_medium=organic
9,Junior Go Back-End Developer,GetPro,Paris,,11/04/2022 23:56,https://fr.dinjob.com/jobs/junior-go-back-end-developer-20220411-222028-f/?utm_campaign=google_jobs_apply&utm_source=google_jobs_apply&utm_medium=organic
10,Développeur Go,Seyos,Paris,,12/04/2022 16:56,https://fr.bebee.com/job/20220412-cb29138873c4825ae58d06c8db074ba1?utm_campaign=google_jobs_apply&utm_source=google_jobs_apply&utm_medium=organic
11,DEVELOPPEUR GO (H/F),Décision RH,Paris,,12/04/2022 01:56,https://b-jobz.com/fr/web/jobposting/86feff799461?utm_campaign=google_jobs_apply&utm_source=google_jobs_apply&utm_medium=organic
12,Développeur backend Go,EyeTech Solutions,Paris,,12/04/2022 06:56,https://gr8eurojobs.com/jobs/developpeur-backend-go-paris-ile-de-france/560948200-2/?utm_campaign=google_jobs_apply&utm_source=google_jobs_apply&utm_medium=organic
13,Golang / Kafka engineer (systèmes distribués) / Licorne française (H/F),HURRYMAN,Paris,,12/04/2022 01:56,https://b-jobz.com/fr/web/jobposting/7e06fd17ca3c?utm_campaign=google_jobs_apply&utm_source=google_jobs_apply&utm_medium=organic
14,Développeur Backend (GO et autres technos) - 60/90K - Environnement tech,EKYP,Paris,,12/04/2022 18:56,https://francaise.topstatecareers.com/jobs/developpeur-backend-go-et-autres-technos-60-90k-environnement-tech-pointu-!-h-f-paris-ile-de-france/561433984-2/?utm_campaign=google_jobs_apply&utm_source=google_jobs_apply&utm_medium=organic
